{
  "CartPole-v1": {
    "individual_results": {
      "ppo": {
        "mean_reward": 109.45,
        "std_reward": 24.334081038740702,
        "mean_length": 109.45,
        "std_length": 24.334081038740702,
        "episode_rewards": [
          78.0,
          75.0,
          118.0,
          78.0,
          81.0,
          130.0,
          73.0,
          121.0,
          122.0,
          131.0,
          126.0,
          132.0,
          126.0,
          133.0,
          140.0,
          127.0,
          124.0,
          120.0,
          75.0,
          79.0
        ],
        "episode_lengths": [
          78,
          75,
          118,
          78,
          81,
          130,
          73,
          121,
          122,
          131,
          126,
          132,
          126,
          133,
          140,
          127,
          124,
          120,
          75,
          79
        ],
        "success_rate": 0.0,
        "n_episodes": 20,
        "evaluation_time": 0.9473683834075928,
        "deterministic": true,
        "agent_name": "ppo",
        "env_name": "CartPole-v1",
        "model_type": "PPO",
        "policy_type": "MultiInputActorCriticPolicy",
        "model_size": 9155,
        "expected_random_reward": 0,
        "success_threshold": 450.0,
        "timesteps_trained": 100000,
        "improvement_over_random": 109.45,
        "baseline_passed": false,
        "training_time": 150.40189123153687
      },
      "lstm": {
        "mean_reward": 44.05,
        "std_reward": 8.66299601754497,
        "mean_length": 44.05,
        "std_length": 8.66299601754497,
        "episode_rewards": [
          53.0,
          35.0,
          41.0,
          60.0,
          63.0,
          45.0,
          37.0,
          58.0,
          33.0,
          48.0,
          38.0,
          36.0,
          41.0,
          36.0,
          38.0,
          51.0,
          44.0,
          46.0,
          36.0,
          42.0
        ],
        "episode_lengths": [
          53,
          35,
          41,
          60,
          63,
          45,
          37,
          58,
          33,
          48,
          38,
          36,
          41,
          36,
          38,
          51,
          44,
          46,
          36,
          42
        ],
        "success_rate": 0.0,
        "n_episodes": 20,
        "evaluation_time": 0.9456095695495605,
        "deterministic": true,
        "agent_name": "lstm",
        "env_name": "CartPole-v1",
        "model_type": "RecurrentPPO",
        "policy_type": "RecurrentMultiInputActorCriticPolicy",
        "model_size": 52675,
        "expected_random_reward": 0,
        "success_threshold": 450.0,
        "timesteps_trained": 100000,
        "improvement_over_random": 44.05,
        "baseline_passed": false,
        "training_time": 679.0167622566223
      },
      "ld": {
        "mean_reward": 113.25,
        "std_reward": 42.59210607612636,
        "mean_length": 113.25,
        "std_length": 42.59210607612636,
        "episode_rewards": [
          89.0,
          98.0,
          192.0,
          81.0,
          85.0,
          82.0,
          88.0,
          99.0,
          79.0,
          77.0,
          88.0,
          146.0,
          86.0,
          190.0,
          158.0,
          110.0,
          98.0,
          83.0,
          221.0,
          115.0
        ],
        "episode_lengths": [
          89,
          98,
          192,
          81,
          85,
          82,
          88,
          99,
          79,
          77,
          88,
          146,
          86,
          190,
          158,
          110,
          98,
          83,
          221,
          115
        ],
        "success_rate": 0.0,
        "n_episodes": 20,
        "evaluation_time": 2.4235057830810547,
        "deterministic": true,
        "agent_name": "ld",
        "env_name": "CartPole-v1",
        "model_type": "RecurrentPPOLD",
        "policy_type": "MultiInputLstmPolicyLD",
        "model_size": 56900,
        "expected_random_reward": 0,
        "success_threshold": 450.0,
        "timesteps_trained": 100000,
        "improvement_over_random": 113.25,
        "baseline_passed": false,
        "training_time": 711.0550076961517
      }
    },
    "comparison_summary": {
      "best_agent": "ppo",
      "worst_agent": "lstm",
      "best_reward": 117.5,
      "worst_reward": 45.25,
      "performance_gap": 72.25,
      "agent_ranking": [
        [
          "ppo",
          117.5
        ],
        [
          "ld",
          103.6
        ],
        [
          "lstm",
          45.25
        ]
      ]
    },
    "env_name": "CartPole-v1",
    "agent_names": [
      "ppo",
      "lstm",
      "ld"
    ],
    "n_episodes": 20,
    "tensorboard_data": {
      "CartPole-v1_ppo": {
        "rewards": [
          22.14130401611328,
          25.940000534057617,
          39.66999816894531,
          55.119998931884766,
          72.69000244140625,
          90.44999694824219,
          110.08999633789062,
          128.6199951171875,
          147.39999389648438,
          165.05999755859375,
          183.5,
          202.32000732421875,
          221.38999938964844,
          237.69000244140625,
          258.45001220703125,
          277.510009765625,
          293.2099914550781,
          310.3900146484375,
          328.4599914550781,
          345.5199890136719,
          361.17999267578125,
          378.7200012207031,
          399.3599853515625,
          414.6000061035156,
          429.2799987792969,
          440.8500061035156,
          455.0299987792969,
          466.2200012207031,
          470.20001220703125,
          476.0400085449219,
          483.6300048828125,
          488.92999267578125,
          491.2099914550781,
          498.20001220703125,
          498.57000732421875,
          498.9200134277344,
          498.9200134277344,
          498.9200134277344,
          498.9200134277344,
          498.9200134277344,
          498.9200134277344,
          500.0,
          500.0,
          500.0,
          500.0,
          500.0,
          500.0,
          500.0,
          500.0
        ],
        "timesteps": [
          2048,
          4096,
          6144,
          8192,
          10240,
          12288,
          14336,
          16384,
          18432,
          20480,
          22528,
          24576,
          26624,
          28672,
          30720,
          32768,
          34816,
          36864,
          38912,
          40960,
          43008,
          45056,
          47104,
          49152,
          51200,
          53248,
          55296,
          57344,
          59392,
          61440,
          63488,
          65536,
          67584,
          69632,
          71680,
          73728,
          75776,
          77824,
          79872,
          81920,
          83968,
          86016,
          88064,
          90112,
          92160,
          94208,
          96256,
          98304,
          100352
        ]
      },