{
  "CartPole-v1": {
    "individual_results": {
      "standard_ppo": {
        "mean_reward": 135.35,
        "std_reward": 27.324485356544226,
        "mean_length": 135.35,
        "std_length": 27.324485356544226,
        "episode_rewards": [
          83.0,
          174.0,
          132.0,
          127.0,
          161.0,
          134.0,
          172.0,
          121.0,
          171.0,
          123.0,
          125.0,
          122.0,
          172.0,
          126.0,
          78.0,
          112.0,
          133.0,
          162.0,
          121.0,
          158.0
        ],
        "episode_lengths": [
          83,
          174,
          132,
          127,
          161,
          134,
          172,
          121,
          171,
          123,
          125,
          122,
          172,
          126,
          78,
          112,
          133,
          162,
          121,
          158
        ],
        "success_rate": 0.0,
        "n_episodes": 20,
        "evaluation_time": 1.1901719570159912,
        "deterministic": true,
        "agent_name": "standard_ppo",
        "env_name": "CartPole-v1",
        "model_type": "PPO",
        "policy_type": "MultiInputActorCriticPolicy",
        "model_size": 9155,
        "expected_random_reward": 0,
        "success_threshold": 450.0,
        "timesteps_trained": 100000,
        "improvement_over_random": 135.35,
        "baseline_passed": false,
        "training_time": 151.45852708816528
      }
    },
    "comparison_summary": {
      "best_agent": "standard_ppo",
      "best_reward": 135.35,
      "worst_agent": "standard_ppo",
      "worst_reward": 135.35,
      "performance_gap": 0.0,
      "agent_ranking": [
        [
          "standard_ppo",
          135.35
        ]
      ],
      "mean_rewards": {
        "standard_ppo": 135.35
      }
    },
    "env_name": "CartPole-v1",
    "agent_names": [
      "standard_ppo"
    ],
    "n_episodes": 20,
    "tensorboard_data": {
      "CartPole-v1_standard_ppo": {
        "rewards": [
          22.217391967773438,
          26.139999389648438,
          39.11000061035156,
          51.27000045776367,
          68.31999969482422,
          86.83999633789062,
          105.19999694824219,
          122.52999877929688,
          143.02999877929688,
          163.92999267578125,
          180.94000244140625,
          199.5500030517578,
          215.75999450683594,
          230.9600067138672,
          248.50999450683594,
          267.7099914550781,
          285.4100036621094,
          302.2799987792969,
          319.7699890136719,
          335.6700134277344,
          352.69000244140625,
          373.4200134277344,
          385.9599914550781,
          396.9599914550781,
          410.4800109863281,
          421.3500061035156,
          431.510009765625,
          440.92999267578125,
          450.1499938964844,
          456.489990234375,
          462.7900085449219,
          468.9200134277344,
          473.5400085449219,
          478.7900085449219,
          487.6300048828125,
          489.7900085449219,
          493.510009765625,
          497.3800048828125,
          497.5799865722656,
          497.5799865722656,
          500.0,
          500.0,
          500.0,
          500.0,
          500.0,
          500.0,
          500.0,
          500.0,
          500.0
        ],
        "timesteps": [
          2048,
          4096,
          6144,
          8192,
          10240,
          12288,
          14336,
          16384,
          18432,
          20480,
          22528,
          24576,
          26624,
          28672,
          30720,
          32768,
          34816,
          36864,
          38912,
          40960,
          43008,
          45056,
          47104,
          49152,
          51200,
          53248,
          55296,
          57344,
          59392,
          61440,
          63488,
          65536,
          67584,
          69632,
          71680,
          73728,
          75776,
          77824,
          79872,
          81920,
          83968,
          86016,
          88064,
          90112,
          92160,
          94208,
          96256,
          98304,
          100352
        ]
      }
    }
  }
}