{
  "CartPole-v1": {
    "individual_results": {
      "standard_ppo": {
        "mean_reward": 115.05,
        "std_reward": 10.892543321006348,
        "mean_length": 115.05,
        "std_length": 10.892543321006348,
        "episode_rewards": [
          132.0,
          122.0,
          109.0,
          119.0,
          110.0,
          126.0,
          107.0,
          130.0,
          111.0,
          106.0,
          117.0,
          105.0,
          108.0,
          126.0,
          139.0,
          105.0,
          101.0,
          105.0,
          102.0,
          121.0
        ],
        "episode_lengths": [
          132,
          122,
          109,
          119,
          110,
          126,
          107,
          130,
          111,
          106,
          117,
          105,
          108,
          126,
          139,
          105,
          101,
          105,
          102,
          121
        ],
        "success_rate": 0.0,
        "n_episodes": 20,
        "evaluation_time": 0.9908287525177002,
        "deterministic": true,
        "agent_name": "standard_ppo",
        "env_name": "CartPole-v1",
        "model_type": "PPO",
        "policy_type": "MultiInputActorCriticPolicy",
        "model_size": 9155,
        "expected_random_reward": 0,
        "success_threshold": 450.0,
        "timesteps_trained": 100000,
        "improvement_over_random": 115.05,
        "baseline_passed": false,
        "training_time": 149.7136836051941
      }
    },
    "comparison_summary": {
      "best_agent": "standard_ppo",
      "best_reward": 115.05,
      "worst_agent": "standard_ppo",
      "worst_reward": 115.05,
      "performance_gap": 0.0,
      "agent_ranking": [
        [
          "standard_ppo",
          115.05
        ]
      ],
      "mean_rewards": {
        "standard_ppo": 115.05
      }
    },
    "env_name": "CartPole-v1",
    "agent_names": [
      "standard_ppo"
    ],
    "n_episodes": 20,
    "tensorboard_data": {
      "CartPole-v1_standard_ppo": {
        "rewards": [
          22.775279998779297,
          27.280000686645508,
          40.720001220703125,
          57.40999984741211,
          73.88999938964844,
          93.13999938964844,
          112.11000061035156,
          130.83999633789062,
          149.47000122070312,
          167.5800018310547,
          185.16000366210938,
          204.0800018310547,
          222.07000732421875,
          244.35000610351562,
          262.3399963378906,
          279.0299987792969,
          295.7300109863281,
          313.260009765625,
          332.0,
          346.3299865722656,
          363.2200012207031,
          378.1700134277344,
          392.8399963378906,
          411.7099914550781,
          426.19000244140625,
          438.4100036621094,
          448.739990234375,
          458.760009765625,
          467.1099853515625,
          473.1400146484375,
          480.30999755859375,
          484.25,
          488.80999755859375,
          496.7200012207031,
          500.0,
          500.0,
          500.0,
          500.0,
          500.0,
          500.0,
          500.0,
          500.0,
          500.0,
          500.0,
          500.0,
          500.0,
          500.0,
          500.0,
          500.0
        ],
        "timesteps": [
          2048,
          4096,
          6144,
          8192,
          10240,
          12288,
          14336,
          16384,
          18432,
          20480,
          22528,
          24576,
          26624,
          28672,
          30720,
          32768,
          34816,
          36864,
          38912,
          40960,
          43008,
          45056,
          47104,
          49152,
          51200,
          53248,
          55296,
          57344,
          59392,
          61440,
          63488,
          65536,
          67584,
          69632,
          71680,
          73728,
          75776,
          77824,
          79872,
          81920,
          83968,
          86016,
          88064,
          90112,
          92160,
          94208,
          96256,
          98304,
          100352
        ]
      }
    }
  }
}