{
  "CartPole-v1": {
    "individual_results": {
      "standard_ppo": {
        "mean_reward": 81.4,
        "std_reward": 21.54158768521949,
        "mean_length": 81.4,
        "std_length": 21.54158768521949,
        "episode_rewards": [
          63.0,
          62.0,
          70.0,
          106.0,
          64.0,
          67.0,
          74.0,
          64.0,
          64.0,
          116.0,
          71.0,
          66.0,
          106.0,
          62.0,
          105.0,
          113.0,
          115.0,
          66.0,
          63.0,
          111.0
        ],
        "episode_lengths": [
          63,
          62,
          70,
          106,
          64,
          67,
          74,
          64,
          64,
          116,
          71,
          66,
          106,
          62,
          105,
          113,
          115,
          66,
          63,
          111
        ],
        "success_rate": 0.0,
        "n_episodes": 20,
        "evaluation_time": 0.6875004768371582,
        "deterministic": true,
        "agent_name": "standard_ppo",
        "env_name": "CartPole-v1",
        "model_type": "PPO",
        "policy_type": "MultiInputActorCriticPolicy",
        "model_size": 9155,
        "expected_random_reward": 0,
        "success_threshold": 450.0,
        "timesteps_trained": 100000,
        "improvement_over_random": 81.4,
        "baseline_passed": false,
        "training_time": 149.44634985923767
      }
    },
    "comparison_summary": {
      "best_agent": "standard_ppo",
      "best_reward": 81.4,
      "worst_agent": "standard_ppo",
      "worst_reward": 81.4,
      "performance_gap": 0.0,
      "agent_ranking": [
        [
          "standard_ppo",
          81.4
        ]
      ],
      "mean_rewards": {
        "standard_ppo": 81.4
      }
    },
    "env_name": "CartPole-v1",
    "agent_names": [
      "standard_ppo"
    ],
    "n_episodes": 20,
    "tensorboard_data": {
      "CartPole-v1_standard_ppo": {
        "rewards": [
          21.44210433959961,
          28.610000610351562,
          43.68000030517578,
          59.79999923706055,
          77.61000061035156,
          96.86000061035156,
          115.93000030517578,
          133.33999633789062,
          152.41000366210938,
          171.11000061035156,
          189.94000244140625,
          209.02999877929688,
          227.88999938964844,
          246.8000030517578,
          265.5799865722656,
          287.9599914550781,
          306.6099853515625,
          321.20001220703125,
          338.6400146484375,
          355.6099853515625,
          374.5400085449219,
          393.010009765625,
          410.739990234375,
          426.80999755859375,
          442.1300048828125,
          452.8999938964844,
          468.0,
          478.7099914550781,
          487.3399963378906,
          493.2799987792969,
          497.3699951171875,
          497.4700012207031,
          497.4700012207031,
          497.4700012207031,
          497.4700012207031,
          497.4700012207031,
          497.4700012207031,
          497.4700012207031,
          497.4700012207031,
          497.4700012207031,
          497.4700012207031,
          497.4700012207031,
          497.4700012207031,
          497.4700012207031,
          497.4700012207031,
          500.0,
          500.0,
          500.0,
          500.0
        ],
        "timesteps": [
          2048,
          4096,
          6144,
          8192,
          10240,
          12288,
          14336,
          16384,
          18432,
          20480,
          22528,
          24576,
          26624,
          28672,
          30720,
          32768,
          34816,
          36864,
          38912,
          40960,
          43008,
          45056,
          47104,
          49152,
          51200,
          53248,
          55296,
          57344,
          59392,
          61440,
          63488,
          65536,
          67584,
          69632,
          71680,
          73728,
          75776,
          77824,
          79872,
          81920,
          83968,
          86016,
          88064,
          90112,
          92160,
          94208,
          96256,
          98304,
          100352
        ]
      }
    }
  }
}