{
  "CartPole-v1": {
    "individual_results": {
      "standard_ppo": {
        "mean_reward": 64.75,
        "std_reward": 2.790609252475165,
        "mean_length": 64.75,
        "std_length": 2.790609252475165,
        "episode_rewards": [
          63.0,
          64.0,
          62.0,
          61.0,
          64.0,
          65.0,
          60.0,
          71.0,
          62.0,
          64.0,
          68.0,
          64.0,
          67.0,
          68.0,
          64.0,
          67.0,
          69.0,
          62.0,
          64.0,
          66.0
        ],
        "episode_lengths": [
          63,
          64,
          62,
          61,
          64,
          65,
          60,
          71,
          62,
          64,
          68,
          64,
          67,
          68,
          64,
          67,
          69,
          62,
          64,
          66
        ],
        "success_rate": 0.0,
        "n_episodes": 20,
        "evaluation_time": 0.5600409507751465,
        "deterministic": true,
        "agent_name": "standard_ppo",
        "env_name": "CartPole-v1",
        "model_type": "PPO",
        "policy_type": "MultiInputActorCriticPolicy",
        "model_size": 9155,
        "expected_random_reward": 0,
        "success_threshold": 450.0,
        "timesteps_trained": 100000,
        "improvement_over_random": 64.75,
        "baseline_passed": false,
        "training_time": 150.7450144290924
      }
    },
    "comparison_summary": {
      "best_agent": "standard_ppo",
      "best_reward": 64.75,
      "worst_agent": "standard_ppo",
      "worst_reward": 64.75,
      "performance_gap": 0.0,
      "agent_ranking": [
        [
          "standard_ppo",
          64.75
        ]
      ],
      "mean_rewards": {
        "standard_ppo": 64.75
      }
    },
    "env_name": "CartPole-v1",
    "agent_names": [
      "standard_ppo"
    ],
    "n_episodes": 20,
    "tensorboard_data": {
      "CartPole-v1_standard_ppo": {
        "rewards": [
          19.8799991607666,
          27.6299991607666,
          40.349998474121094,
          55.709999084472656,
          74.29000091552734,
          91.18000030517578,
          110.08999633789062,
          128.4499969482422,
          146.89999389648438,
          167.25999450683594,
          187.99000549316406,
          205.8800048828125,
          224.9199981689453,
          243.3800048828125,
          261.6000061035156,
          279.69000244140625,
          297.70001220703125,
          315.1199951171875,
          331.8999938964844,
          349.32000732421875,
          366.6000061035156,
          389.739990234375,
          405.2699890136719,
          419.6499938964844,
          433.0299987792969,
          441.9800109863281,
          452.9800109863281,
          463.2200012207031,
          469.05999755859375,
          475.55999755859375,
          479.75,
          488.8800048828125,
          494.32000732421875,
          495.0299987792969,
          497.9100036621094,
          500.0,
          500.0,
          500.0,
          500.0,
          500.0,
          500.0,
          500.0,
          500.0,
          500.0,
          500.0,
          500.0,
          500.0,
          500.0,
          500.0
        ],
        "timesteps": [
          2048,
          4096,
          6144,
          8192,
          10240,
          12288,
          14336,
          16384,
          18432,
          20480,
          22528,
          24576,
          26624,
          28672,
          30720,
          32768,
          34816,
          36864,
          38912,
          40960,
          43008,
          45056,
          47104,
          49152,
          51200,
          53248,
          55296,
          57344,
          59392,
          61440,
          63488,
          65536,
          67584,
          69632,
          71680,
          73728,
          75776,
          77824,
          79872,
          81920,
          83968,
          86016,
          88064,
          90112,
          92160,
          94208,
          96256,
          98304,
          100352
        ]
      }
    }
  }
}